切割后的数据集大小,姿势识别后的数据集大小,姿势识别率,姿势识别时间,人脸匹配时间
397127514,428.18722891807556
500 (480).jpg,gaohan
500 (378).jpg,gaohan
500 (376).jpg,gaohan
500 (222).jpg,gaohan
500 (210).jpg,gaohan
500 (318).jpg,gaohan
500 (327).jpg,gaohan
500 (73).jpg,gaohan
500 (391).jpg,gaohan
500 (152).jpg,gaohan
500 (78).jpg,gaohan
500 (319).jpg,gaohan
500 (176).jpg,gaohan
500 (441).jpg,gaohan
500 (460).jpg,gaohan
500 (282).jpg,unknown
500 (278).jpg,gaohan
500 (234).jpg,gaohan
500 (478).jpg,gaohan
500 (163).jpg,gaohan
500 (350).jpg,gaohan
500 (438).jpg,gaohan
500 (400).jpg,gaohan
500 (259).jpg,gaohan
500 (341).jpg,gaohan
500 (24).jpg,gaohan
500 (495).jpg,gaohan
500 (306).jpg,gaohan
500 (117).jpg,gaohan
500 (434).jpg,gaohan
500 (287).jpg,gaohan
500 (421).jpg,gaohan
500 (3).jpg,gaohan
500 (88).jpg,gaohan
500 (147).jpg,gaohan
500 (498).jpg,gaohan
500 (317).jpg,gaohan
500 (280).jpg,gaohan
500 (450).jpg,gaohan
500 (452).jpg,gaohan
500 (80).jpg,gaohan
500 (463).jpg,gaohan
500 (5).jpg,gaohan
500 (286).jpg,gaohan
500 (486).jpg,gaohan
500 (178).jpg,gaohan
500 (311).jpg,gaohan
500 (305).jpg,gaohan
500 (387).jpg,gaohan
500 (422).jpg,gaohan
500 (276).jpg,gaohan
500 (165).jpg,gaohan
500 (258).jpg,gaohan
500 (315).jpg,gaohan
500 (295).jpg,gaohan
500 (371).jpg,gaohan
500 (456).jpg,gaohan
500 (449).jpg,gaohan
500 (393).jpg,gaohan
500 (205).jpg,gaohan
500 (7).jpg,gaohan
500 (353).jpg,gaohan
500 (264).jpg,gaohan
500 (67).jpg,unknown
500 (464).jpg,gaohan
500 (352).jpg,gaohan
500 (107).jpg,gaohan
500 (118).jpg,gaohan
500 (477).jpg,gaohan
500 (302).jpg,gaohan
500 (320).jpg,gaohan
500 (312).jpg,gaohan
500 (346).jpg,gaohan
500 (330).jpg,gaohan
500 (146).jpg,gaohan
500 (476).jpg,gaohan
500 (211).jpg,gaohan
500 (492).jpg,gaohan
500 (418).jpg,gaohan
500 (392).jpg,gaohan
500 (433).jpg,gaohan
500 (226).jpg,gaohan
500 (332).jpg,gaohan
500 (108).jpg,gaohan
500 (419).jpg,gaohan
500 (239).jpg,gaohan
500 (298).jpg,gaohan
500 (444).jpg,gaohan
500 (77).jpg,gaohan
500 (435).jpg,gaohan
500 (288).jpg,gaohan
500 (466).jpg,gaohan
500 (384).jpg,gaohan
500 (500).jpg,gaohan
500 (229).jpg,gaohan
500 (377).jpg,gaohan
500 (457).jpg,gaohan
500 (490).jpg,gaohan
500 (362).jpg,gaohan
500 (485).jpg,gaohan
500 (261).jpg,gaohan
500 (66).jpg,unknown
500 (162).jpg,gaohan
500 (367).jpg,gaohan
500 (369).jpg,gaohan
500 (379).jpg,gaohan
500 (310).jpg,gaohan
500 (469).jpg,gaohan
500 (424).jpg,gaohan
500 (291).jpg,gaohan
500 (396).jpg,unknown
500 (4).jpg,gaohan
500 (416).jpg,gaohan
500 (71).jpg,gaohan
500 (429).jpg,gaohan
500 (193).jpg,unknown
500 (354).jpg,gaohan
500 (232).jpg,gaohan
500 (479).jpg,gaohan
500 (388).jpg,gaohan
500 (446).jpg,gaohan
500 (223).jpg,gaohan
500 (207).jpg,gaohan
500 (113).jpg,gaohan
500 (483).jpg,gaohan
500 (343).jpg,gaohan
500 (360).jpg,gaohan
500 (365).jpg,gaohan
500 (411).jpg,gaohan
500 (380).jpg,gaohan
500 (279).jpg,gaohan
500 (209).jpg,gaohan
500 (20).jpg,gaohan
500 (300).jpg,gaohan
500 (285).jpg,gaohan
500 (89).jpg,gaohan
500 (420).jpg,gaohan
500 (461).jpg,gaohan
500 (359).jpg,gaohan
500 (86).jpg,gaohan
500 (447).jpg,gaohan
500 (348).jpg,gaohan
500 (294).jpg,gaohan
500 (385).jpg,gaohan
500 (2).jpg,gaohan
500 (260).jpg,gaohan
500 (326).jpg,gaohan
500 (254).jpg,gaohan
500 (290).jpg,gaohan
500 (324).jpg,gaohan
500 (228).jpg,gaohan
500 (414).jpg,gaohan
500 (85).jpg,gaohan
500 (314).jpg,gaohan
500 (289).jpg,gaohan
500 (115).jpg,gaohan
500 (275).jpg,unknown
500 (382).jpg,gaohan
500 (331).jpg,gaohan
500 (252).jpg,gaohan
500 (329).jpg,gaohan
500 (150).jpg,gaohan
500 (112).jpg,gaohan
500 (370).jpg,gaohan
500 (467).jpg,gaohan
500 (242).jpg,gaohan
500 (357).jpg,gaohan
500 (372).jpg,gaohan
500 (496).jpg,gaohan
500 (428).jpg,gaohan
500 (445).jpg,gaohan
500 (448).jpg,gaohan
500 (453).jpg,gaohan
500 (155).jpg,gaohan
500 (144).jpg,gaohan
500 (81).jpg,gaohan
500 (274).jpg,gaohan
500 (426).jpg,gaohan
500 (323).jpg,gaohan
500 (497).jpg,gaohan
500 (345).jpg,gaohan
500 (439).jpg,gaohan
500 (231).jpg,gaohan
500 (431).jpg,gaohan
500 (177).jpg,gaohan
500 (105).jpg,gaohan
500 (153).jpg,gaohan
500 (246).jpg,gaohan
500 (219).jpg,gaohan
500 (75).jpg,gaohan
500 (114).jpg,gaohan
500 (68).jpg,gaohan
500 (272).jpg,gaohan
500 (244).jpg,gaohan
500 (74).jpg,gaohan
500 (335).jpg,gaohan
500 (373).jpg,gaohan
500 (308).jpg,gaohan
500 (238).jpg,gaohan
500 (69).jpg,gaohan
500 (430).jpg,gaohan
500 (11).jpg,gaohan
500 (307).jpg,gaohan
500 (87).jpg,gaohan
500 (347).jpg,gaohan
500 (301).jpg,gaohan
500 (248).jpg,gaohan
500 (334).jpg,gaohan
500 (273).jpg,gaohan
500 (157).jpg,gaohan
500 (482).jpg,gaohan
500 (243).jpg,gaohan
500 (397).jpg,unknown
500 (484).jpg,gaohan
500 (215).jpg,gaohan
500 (6).jpg,gaohan
500 (13).jpg,gaohan
500 (21).jpg,gaohan
500 (116).jpg,gaohan
500 (10).jpg,gaohan
500 (267).jpg,gaohan
500 (8).jpg,gaohan
500 (366).jpg,gaohan
500 (349).jpg,gaohan
500 (427).jpg,gaohan
500 (399).jpg,gaohan
500 (156).jpg,gaohan
500 (237).jpg,gaohan
500 (462).jpg,gaohan
500 (423).jpg,gaohan
500 (109).jpg,gaohan
500 (374).jpg,gaohan
500 (489).jpg,gaohan
500 (333).jpg,gaohan
500 (375).jpg,gaohan
500 (494).jpg,gaohan
500 (363).jpg,gaohan
500 (221).jpg,gaohan
500 (454).jpg,gaohan
500 (1).jpg,gaohan
500 (76).jpg,gaohan
500 (175).jpg,gaohan
500 (465).jpg,gaohan
500 (251).jpg,gaohan
500 (83).jpg,gaohan
500 (361).jpg,gaohan
500 (220).jpg,gaohan
500 (208).jpg,gaohan
500 (481).jpg,gaohan
500 (79).jpg,gaohan
500 (266).jpg,gaohan
500 (342).jpg,gaohan
500 (265).jpg,gaohan
500 (304).jpg,gaohan
500 (277).jpg,gaohan
500 (488).jpg,gaohan
500 (470).jpg,gaohan
500 (415).jpg,gaohan
500 (321).jpg,gaohan
500 (417).jpg,gaohan
500 (225).jpg,gaohan
500 (72).jpg,gaohan
500 (340).jpg,gaohan
500 (22).jpg,gaohan
500 (296).jpg,gaohan
500 (322).jpg,gaohan
500 (293).jpg,gaohan
500 (299).jpg,gaohan
500 (474).jpg,gaohan
500 (328).jpg,gaohan
500 (432).jpg,gaohan
500 (364).jpg,gaohan
500 (82).jpg,gaohan
500 (284).jpg,gaohan
500 (158).jpg,gaohan
500 (325).jpg,gaohan
500 (145).jpg,gaohan
500 (257).jpg,gaohan
500 (270).jpg,gaohan
500 (303).jpg,gaohan
500 (120).jpg,gaohan
500 (358).jpg,gaohan
500 (309).jpg,gaohan
500 (230).jpg,gaohan
500 (355).jpg,gaohan
500 (255).jpg,gaohan
500 (256).jpg,gaohan
500 (283).jpg,unknown
500 (148).jpg,gaohan
500 (206).jpg,gaohan
500 (389).jpg,gaohan
500 (351).jpg,gaohan
500 (268).jpg,gaohan
500 (356).jpg,gaohan
500 (493).jpg,gaohan
500 (390).jpg,gaohan
500 (218).jpg,unknown
500 (491).jpg,gaohan
500 (425).jpg,gaohan
500 (12).jpg,gaohan
500 (436).jpg,gaohan
500 (233).jpg,gaohan
500 (166).jpg,gaohan
500 (471).jpg,gaohan
500 (269).jpg,gaohan
500 (216).jpg,gaohan
500 (151).jpg,gaohan
500 (84).jpg,gaohan
500 (90).jpg,gaohan
500 (111).jpg,gaohan
500 (249).jpg,gaohan
500 (297).jpg,gaohan
500 (271).jpg,gaohan
500 (23).jpg,gaohan
500 (383).jpg,gaohan
500 (394).jpg,unknown
500 (381).jpg,gaohan
500 (250).jpg,gaohan
500 (440).jpg,gaohan
500 (149).jpg,gaohan
500 (224).jpg,gaohan
500 (487).jpg,gaohan
500 (336).jpg,gaohan
500 (473).jpg,gaohan
500 (472).jpg,gaohan
500 (459).jpg,gaohan
500 (240).jpg,gaohan
500 (227).jpg,gaohan
500 (110).jpg,gaohan
500 (192).jpg,unknown
500 (241).jpg,gaohan
500 (217).jpg,unknown
500 (337).jpg,gaohan
500 (451).jpg,gaohan
500 (398).jpg,gaohan
500 (65).jpg,unknown
500 (475).jpg,gaohan
500 (106).jpg,gaohan
500 (292).jpg,gaohan
500 (316).jpg,gaohan
500 (253).jpg,gaohan
500 (281).jpg,gaohan
500 (339).jpg,gaohan
500 (458).jpg,gaohan
500 (344).jpg,gaohan
500 (455).jpg,gaohan
500 (468).jpg,gaohan
500 (154).jpg,gaohan
500 (9).jpg,gaohan
500 (338).jpg,gaohan
500 (164).jpg,gaohan
500 (245).jpg,gaohan
500 (119).jpg,gaohan
500 (395).jpg,gaohan
500 (313).jpg,gaohan
500 (235).jpg,gaohan
500 (247).jpg,gaohan
500 (437).jpg,gaohan
500 (386).jpg,gaohan
500 (499).jpg,gaohan
